#coils,mean field(T),range(T),var(T),av hoop stress per coil,total volume of material 
2 2.9859847551944325 22.954690129091436 31.767746137207176 102.55323734012234 1779.3330107032089 515.0 515.0
4 2.9713537052236565 11.358276521424107 11.761587742427293 51.573087441035895 1777.769867743481 364.0 364.0
6 2.958328057190722 7.396777845972635 5.486688932333649 34.90060034170947 1775.3211673988421 297.0 297.0
8 2.947279760971594 5.357745888513389 2.7302164392970414 26.64590214397721 1786.2497505808026 258.0 258.0
10 2.938249675012369 4.118616711144335 1.3862571606862972 22.00022716945588 1789.9328642498626 231.0 231.0
12 2.931062564828962 3.301683648095394 0.7113745862218719 19.082863007884264 1792.0863787995306 211.0 211.0
14 2.9254405686123817 2.745906736350199 0.37214063522203733 17.197085599864643 1785.706340367335 195.0 195.0
